"Parameter","Estimate","StdError"
"(Intercept)",149.775098732908,17.1048939353911
"Weight",0.361847928712609,0.213099191683417
