"Parameter","Estimate","StdError"
"(Intercept)",149.7822374638,17.1035926617633
"Weight",0.361796352955093,0.213070167853835
